player_name,team,image_url
Chennai Super Kings Logo,Chennai Super Kings,https://documents.iplt20.com/ipl/CSK/logos/Logooutline/CSKoutline.png
Delhi Capitals Logo,Delhi Capitals,https://documents.iplt20.com/ipl/DC/Logos/LogoOutline/DCoutline.png
Gujarat Titans Logo,Gujarat Titans,https://documents.iplt20.com/ipl/GT/Logos/Logooutline/GToutline.png
Kolkata Knight Riders Logo,Kolkata Knight Riders,https://documents.iplt20.com/ipl/KKR/Logos/Logooutline/KKRoutline.png
Lucknow Super Giants Logo,Lucknow Super Giants,https://documents.iplt20.com/ipl/LSG/Logos/Logooutline/LSGoutline.png
Mumbai Indians Logo,Mumbai Indians,https://documents.iplt20.com/ipl/MI/Logos/Logooutline/MIoutline.png
Punjab Kings Logo,Punjab Kings,https://documents.iplt20.com/ipl/PBKS/Logos/Logooutline/PBKSoutline.png
Rajasthan Royals Logo,Rajasthan Royals,https://documents.iplt20.com/ipl/RR/Logos/RR_Logo.png
Royal Challengers Bengaluru Logo,Royal Challengers Bengaluru,https://documents.iplt20.com/ipl/RCB/Logos/Logooutline/RCBoutline.png
Sunrisers Hyderabad Logo,Sunrisers Hyderabad,https://documents.iplt20.com/ipl/SRH/Logos/Logooutline/SRHoutline.png
A Kamboj,Chennai Super Kings,https://documents.iplt20.com/ipl/IPLHeadshot2025/3106.png
A Mhatre,Chennai Super Kings,https://documents.iplt20.com/ipl/IPLHeadshot2025/3497.png
D Brevis,Chennai Super Kings,https://documents.iplt20.com/ipl/IPLHeadshot2025/797.png
DJ Hooda,Chennai Super Kings,
DP Conway,Chennai Super Kings,https://documents.iplt20.com/ipl/IPLHeadshot2025/601.png
J Overton,Chennai Super Kings,https://documents.iplt20.com/ipl/IPLHeadshot2025/1216.png
KK Ahmed,Chennai Super Kings,
M Pathirana,Chennai Super Kings,
MS Dhoni,Chennai Super Kings,https://documents.iplt20.com/ipl/IPLHeadshot2025/57.png
Mukesh Choudhary,Chennai Super Kings,
NT Ellis,Chennai Super Kings,
Noor Ahmad,Chennai Super Kings,https://documents.iplt20.com/ipl/IPLHeadshot2025/975.png
R Ashwin,Chennai Super Kings,https://documents.iplt20.com/ipl/IPLHeadshot2025/45.png
R Ravindra,Chennai Super Kings,https://documents.iplt20.com/ipl/IPLHeadshot2025/724.png
RA Jadeja,Chennai Super Kings,https://documents.iplt20.com/ipl/IPLHeadshot2025/46.png
RA Tripathi,Chennai Super Kings,https://documents.iplt20.com/ipl/IPLHeadshot2025/188.png
RD Gaikwad,Chennai Super Kings,https://documents.iplt20.com/ipl/IPLHeadshot2026/102.png
S Dube,Chennai Super Kings,
SK Rasheed,Chennai Super Kings,
SM Curran,Chennai Super Kings,https://documents.iplt20.com/ipl/IPLHeadshot2025/138.png
Urvil Patel,Chennai Super Kings,
V Shankar,Chennai Super Kings,
AR Patel,Delhi Capitals,https://documents.iplt20.com/ipl/IPLHeadshot2025/110.png
Abishek Porel,Delhi Capitals,
Ashutosh Sharma,Delhi Capitals,
D Ferreira,Delhi Capitals,
F du Plessis,Delhi Capitals,https://documents.iplt20.com/ipl/IPLHeadshot2025/94.png
J Fraser-McGurk,Delhi Capitals,
KK Nair,Delhi Capitals,https://documents.iplt20.com/ipl/IPLHeadshot2025/131.png
KL Rahul,Delhi Capitals,https://documents.iplt20.com/ipl/IPLHeadshot2025/19.png
Kuldeep Yadav,Delhi Capitals,https://documents.iplt20.com/ipl/IPLHeadshot2025/14.png
M Tiwari,Delhi Capitals,
MA Starc,Delhi Capitals,https://documents.iplt20.com/ipl/IPLHeadshot2025/31.png
MM Sharma,Delhi Capitals,https://documents.iplt20.com/ipl/IPLHeadshot2025/100.png
Mukesh Kumar,Delhi Capitals,
Mustafizur Rahman,Delhi Capitals,
PVD Chameera,Delhi Capitals,
Sameer Rizvi,Delhi Capitals,
Sediqullah Atal,Delhi Capitals,
T Natarajan,Delhi Capitals,https://documents.iplt20.com/ipl/IPLHeadshot2025/224.png
T Stubbs,Delhi Capitals,https://documents.iplt20.com/ipl/IPLHeadshot2025/1017.png
V Nigam,Delhi Capitals,https://documents.iplt20.com/ipl/IPLHeadshot2025/3560.png
Arshad Khan,Gujarat Titans,
B Sai Sudharsan,Gujarat Titans,https://documents.iplt20.com/ipl/IPLHeadshot2026/976.png
BKG Mendis,Gujarat Titans,
G Coetzee,Gujarat Titans,
I Sharma,Gujarat Titans,
JC Buttler,Gujarat Titans,https://documents.iplt20.com/ipl/IPLHeadshot2026/182.png
K Khejroliya,Gujarat Titans,
K Rabada,Gujarat Titans,https://documents.iplt20.com/ipl/IPLHeadshot2026/116.png
M Prasidh Krishna,Gujarat Titans,https://documents.iplt20.com/ipl/IPLHeadshot2026/150.png
M Shahrukh Khan,Gujarat Titans,
Mohammed Siraj,Gujarat Titans,https://documents.iplt20.com/ipl/IPLHeadshot2026/63.png
R Sai Kishore,Gujarat Titans,https://documents.iplt20.com/ipl/IPLHeadshot2026/544.png
R Tewatia,Gujarat Titans,https://documents.iplt20.com/ipl/IPLHeadshot2026/120.png
Rashid Khan,Gujarat Titans,https://documents.iplt20.com/ipl/IPLHeadshot2026/218.png
SE Rutherford,Gujarat Titans,
Shubman Gill,Gujarat Titans,https://documents.iplt20.com/ipl/IPLHeadshot2026/62.png
Washington Sundar,Gujarat Titans,https://documents.iplt20.com/ipl/IPLHeadshot2026/20.png
A Nortje,Kolkata Knight Riders,
A Raghuvanshi,Kolkata Knight Riders,
AD Russell,Kolkata Knight Riders,https://documents.iplt20.com/ipl/IPLHeadshot2025/141.png
AM Rahane,Kolkata Knight Riders,https://documents.iplt20.com/ipl/IPLHeadshot2025/44.png
AS Roy,Kolkata Knight Riders,
C Sakariya,Kolkata Knight Riders,
CV Varun,Kolkata Knight Riders,https://documents.iplt20.com/ipl/IPLHeadshot2025/140.png
Harshit Rana,Kolkata Knight Riders,
MK Pandey,Kolkata Knight Riders,
MM Ali,Kolkata Knight Riders,
Q de Kock,Kolkata Knight Riders,
R Powell,Kolkata Knight Riders,
RK Singh,Kolkata Knight Riders,
Rahmanullah Gurbaz,Kolkata Knight Riders,
Ramandeep Singh,Kolkata Knight Riders,
SH Johnson,Kolkata Knight Riders,
SP Narine,Kolkata Knight Riders,https://documents.iplt20.com/ipl/IPLHeadshot2025/156.png
VG Arora,Kolkata Knight Riders,
VR Iyer,Kolkata Knight Riders,https://documents.iplt20.com/ipl/IPLHeadshot2025/584.png
A Badoni,Lucknow Super Giants,
AK Markram,Lucknow Super Giants,
Abdul Samad,Lucknow Super Giants,
Akash Deep,Lucknow Super Giants,
Akash Singh,Lucknow Super Giants,
Avesh Khan,Lucknow Super Giants,
DA Miller,Lucknow Super Giants,
DS Rathi,Lucknow Super Giants,
M Siddharth,Lucknow Super Giants,
MP Breetzke,Lucknow Super Giants,
MP Yadav,Lucknow Super Giants,
MR Marsh,Lucknow Super Giants,
N Pooran,Lucknow Super Giants,
Prince Yadav,Lucknow Super Giants,
RR Pant,Lucknow Super Giants,
Ravi Bishnoi,Lucknow Super Giants,
SN Thakur,Lucknow Super Giants,
Shahbaz Ahmed,Lucknow Super Giants,
W O'Rourke,Lucknow Super Giants,
Ashwani Kumar,Mumbai Indians,
C Bosch,Mumbai Indians,
DL Chahar,Mumbai Indians,
HH Pandya,Mumbai Indians,https://documents.iplt20.com/ipl/IPLHeadshot2025/54.png
JJ Bumrah,Mumbai Indians,https://documents.iplt20.com/ipl/IPLHeadshot2025/9.png
JM Bairstow,Mumbai Indians,https://documents.iplt20.com/ipl/IPLHeadshot2025/216.png
KV Sharma,Mumbai Indians,
MJ Santner,Mumbai Indians,
Mujeeb Ur Rahman,Mumbai Indians,
Naman Dhir,Mumbai Indians,
PVSN Raju,Mumbai Indians,
R Minz,Mumbai Indians,
RA Bawa,Mumbai Indians,
RD Rickelton,Mumbai Indians,
RG Sharma,Mumbai Indians,https://documents.iplt20.com/ipl/IPLHeadshot2025/6.png
RJ Gleeson,Mumbai Indians,
RJW Topley,Mumbai Indians,
SA Yadav,Mumbai Indians,https://documents.iplt20.com/ipl/IPLHeadshot2025/174.png
TA Boult,Mumbai Indians,
Tilak Varma,Mumbai Indians,
V Puthur,Mumbai Indians,
WG Jacks,Mumbai Indians,
Arshdeep Singh,Punjab Kings,
Azmatullah Omarzai,Punjab Kings,
GJ Maxwell,Punjab Kings,
Harpreet Brar,Punjab Kings,
JP Inglis,Punjab Kings,
KA Jamieson,Punjab Kings,
LH Ferguson,Punjab Kings,
M Jansen,Punjab Kings,
MJ Owen,Punjab Kings,
MP Stoinis,Punjab Kings,
Musheer Khan,Punjab Kings,
N Wadhera,Punjab Kings,
P Dubey,Punjab Kings,
P Simran Singh,Punjab Kings,
Priyansh Arya,Punjab Kings,
SS Iyer,Punjab Kings,
Shashank Singh,Punjab Kings,
Suryansh Shedge,Punjab Kings,
Vijaykumar Vyshak,Punjab Kings,
XC Bartlett,Punjab Kings,
Yash Thakur,Punjab Kings,
Akash Madhwal,Rajasthan Royals,
Dhruv Jurel,Rajasthan Royals,
Fazalhaq Farooqi,Rajasthan Royals,
JC Archer,Rajasthan Royals,
K Kartikeya,Rajasthan Royals,
KS Rathore,Rajasthan Royals,
KT Maphaka,Rajasthan Royals,
M Theekshana,Rajasthan Royals,
N Rana,Rajasthan Royals,
PWH de Silva,Rajasthan Royals,
R Parag,Rajasthan Royals,
SB Dubey,Rajasthan Royals,
SO Hetmyer,Rajasthan Royals,
SV Samson,Rajasthan Royals,
Sandeep Sharma,Rajasthan Royals,
TU Deshpande,Rajasthan Royals,
V Suryavanshi,Rajasthan Royals,
YBK Jaiswal,Rajasthan Royals,
YS Chahal,Rajasthan Royals,
Yudhvir Singh,Rajasthan Royals,
B Kumar,Royal Challengers Bengaluru,https://documents.iplt20.com/ipl/IPLHeadshot2025/15.png
D Padikkal,Royal Challengers Bengaluru,https://documents.iplt20.com/ipl/IPLHeadshot2026/200.png
JG Bethell,Royal Challengers Bengaluru,
JM Sharma,Royal Challengers Bengaluru,https://documents.iplt20.com/ipl/IPLHeadshot2025/1000.png
JR Hazlewood,Royal Challengers Bengaluru,https://documents.iplt20.com/ipl/IPLHeadshot2025/36.png
KH Pandya,Royal Challengers Bengaluru,https://documents.iplt20.com/ipl/IPLHeadshot2025/17.png
L Ngidi,Royal Challengers Bengaluru,
LS Livingstone,Royal Challengers Bengaluru,https://documents.iplt20.com/ipl/IPLHeadshot2025/183.png
MA Agarwal,Royal Challengers Bengaluru,https://documents.iplt20.com/ipl/IPLHeadshot2025/55.png
MS Bhandage,Royal Challengers Bengaluru,
N Thushara,Royal Challengers Bengaluru,https://documents.iplt20.com/ipl/IPLHeadshot2025/813.png
PD Salt,Royal Challengers Bengaluru,https://documents.iplt20.com/ipl/IPLHeadshot2025/1220.png
R Shepherd,Royal Challengers Bengaluru,https://documents.iplt20.com/ipl/IPLHeadshot2025/371.png
RM Patidar,Royal Challengers Bengaluru,https://documents.iplt20.com/ipl/IPLHeadshot2025/597.png
Rasikh Salam,Royal Challengers Bengaluru,
Suyash Sharma,Royal Challengers Bengaluru,https://documents.iplt20.com/ipl/IPLHeadshot2025/1932.png
TH David,Royal Challengers Bengaluru,https://documents.iplt20.com/ipl/IPLHeadshot2025/636.png
V Kohli,Royal Challengers Bengaluru,https://documents.iplt20.com/ipl/IPLHeadshot2025/2.png
Yash Dayal,Royal Challengers Bengaluru,
A Manohar,Sunrisers Hyderabad,
A Zampa,Sunrisers Hyderabad,
Abhishek Sharma,Sunrisers Hyderabad,https://documents.iplt20.com/ipl/IPLHeadshot2025/212.png
Aniket Verma,Sunrisers Hyderabad,
Atharva Taide,Sunrisers Hyderabad,
E Malinga,Sunrisers Hyderabad,
H Klaasen,Sunrisers Hyderabad,
HV Patel,Sunrisers Hyderabad,
Harsh Dubey,Sunrisers Hyderabad,
Ishan Kishan,Sunrisers Hyderabad,https://documents.iplt20.com/ipl/IPLHeadshot2025/164.png
JD Unadkat,Sunrisers Hyderabad,
Mohammed Shami,Sunrisers Hyderabad,https://documents.iplt20.com/ipl/IPLHeadshot2025/47.png
Nithish Kumar Reddy,Sunrisers Hyderabad,https://documents.iplt20.com/ipl/IPLHeadshot2025/1944.png
PHKD Mendis,Sunrisers Hyderabad,
PJ Cummins,Sunrisers Hyderabad,https://documents.iplt20.com/ipl/IPLHeadshot2025/33.png
PWA Mulder,Sunrisers Hyderabad,
Simarjeet Singh,Sunrisers Hyderabad,
TM Head,Sunrisers Hyderabad,
Zeeshan Ansari,Sunrisers Hyderabad,
